Source,Business Name,Phone,Address,Email,Website
Google Maps,Park at Crossroads Business Park,(562) 692-9581,"13300 Crossroads Pkwy N, City of Industry, CA 91746",605a7baede844d278b89dc95ae0a9123@sentry-next.wixpress.com,http://www.crossroadspark.com/
Google Maps,Denver Central Business Park,N/A,"4910 Fox St, Denver, CO 80216",N/A,N/A
Google Maps,Mapleton industrial park,N/A,"6311-6321 Washington St, Thornton, CO 80229",N/A,N/A
Google Maps,MOAB BUSINESS PARK,(801) 918-9035,"11850 S Hwy 191 unit b-9, Moab, UT 84532",jonbwells@yahoo.com,https://www.moabbusinesspark.com/
Google Maps,Welby Business Park,(303) 288-4201,"2200 E 76th Ave, Denver, CO 80229",N/A,N/A
Google Maps,Broomfield Business Park,N/A,"2150 W 6th Ave, Broomfield, CO 80020",N/A,N/A
Google Maps,Oxford/Santa Fe Business Park,N/A,"1800 W Oxford Ave, Sheridan, CO 80110",N/A,N/A
Google Maps,Iliff Business Park,N/A,"7770 E Iliff Ave, Denver, CO 80231",N/A,N/A
Google Maps,Arapahoe Business Park,N/A,"Centennial, CO 80112",N/A,https://www.griffinpartners.com/buildings/arapahoe-business-park-inverness-office-park/
Google Maps,Turnpike Business Park,N/A,"7100 Broadway, Denver, CO 80221",N/A,N/A
Google Maps,Walnut Creek Business Park,N/A,"Westminster, CO 80021",N/A,N/A
Google Maps,Mitchelldalle Business Park,N/A,"5151 Mitchelldale St, Houston, TX 77092",N/A,N/A
Google Maps,Buckley Industrial Park,N/A,"595 Nucla Way, Aurora, CO 80011",N/A,N/A
Google Maps,Oxford Federal Business Park,N/A,"2895 W Oxford Ave, Sheridan, CO 80110",info@matrixgroupinc.com,https://www.matrixgroupinc.com/oxford-federal-business-park
Google Maps,Havana Business Park,N/A,"10500 Havana Ct, Brighton, CO 80601",N/A,N/A
Google Maps,Dry Creek Business Park,N/A,"7300-7348 S Alton Way, Centennial, CO 80112",cropped-DryCreekBC_Favicon@72x-32x32.png,https://drycreekbusinesspark.com/
Google Maps,Fillmore Business Park,N/A,"929 E Fillmore St, Colorado Springs, CO 80907",N/A,N/A
Google Maps,Valley Business Park,N/A,"12150 W 44th Ave, Wheat Ridge, CO 80033",N/A,N/A
Google Maps,Denver West Business Park,(303) 232-8100,"1546 Cole Blvd, Lakewood, CO 80401",nate.bradley@cushwake.com,https://denverwestbusinesspark.com/
Google Maps,6th Avenue West Business Park,N/A,"W 6th Ave, Lakewood, CO 80401",N/A,N/A
